[
  {
    "id": 1,
    "subject": "Data Structures",
    "code": "CSE301",
    "title": "Complete DS Notes - All Units",
    "description": "Complete notes covering Arrays, Linked Lists, Stacks, Queues, Trees, Graphs, and Sorting Algorithms.",
    "branch": "cse",
    "semester": "5",
    "type": "ds",
    "size": "4.2 MB",
    "pages": 85,
    "author": "Dr. R. Kumar",
    "uploaded": "2024-04-15",
    "downloads": 1245,
    "fileUrl": "notes/ds_complete.pdf",
    "featured": true
  },
  {
    "id": 2,
    "subject": "Database Management",
    "code": "CSE302",
    "title": "DBMS Unit 1-3 Notes",
    "description": "Detailed notes on ER Diagrams, Relational Model, Normalization, and SQL queries.",
    "branch": "cse",
    "semester": "5",
    "type": "dbms",
    "size": "3.8 MB",
    "pages": 72,
    "author": "Dr. S. Singh",
    "uploaded": "2024-04-10",
    "downloads": 987,
    "fileUrl": "notes/dbms_units1-3.pdf",
    "featured": false
  },
  {
    "id": 3,
    "subject": "Operating Systems",
    "code": "CSE303",
    "title": "OS Process & Memory Management",
    "description": "Notes on Process Scheduling, Deadlocks, Memory Management, and Virtual Memory.",
    "branch": "cse",
    "semester": "5",
    "type": "os",
    "size": "5.1 MB",
    "pages": 94,
    "author": "Prof. A. Sharma",
    "uploaded": "2024-04-05",
    "downloads": 856,
    "fileUrl": "notes/os_process_memory.pdf",
    "featured": true
  },
  {
    "id": 4,
    "subject": "Computer Networks",
    "code": "CSE304",
    "title": "CN Complete Reference",
    "description": "Complete networking notes covering OSI Model, TCP/IP, Routing Protocols, and Network Security.",
    "branch": "cse",
    "semester": "5",
    "type": "cn",
    "size": "6.3 MB",
    "pages": 112,
    "author": "Dr. P. Verma",
    "uploaded": "2024-03-28",
    "downloads": 743,
    "fileUrl": "notes/cn_complete.pdf",
    "featured": false
  },
  {
    "id": 5,
    "subject": "Theory of Computation",
    "code": "CSE305",
    "title": "TOC Automata & Languages",
    "description": "Notes on Finite Automata, Regular Expressions, Context-Free Grammars, and Turing Machines.",
    "branch": "cse",
    "semester": "5",
    "type": "toc",
    "size": "3.5 MB",
    "pages": 68,
    "author": "Prof. M. Gupta",
    "uploaded": "2024-03-20",
    "downloads": 612,
    "fileUrl": "notes/toc_automata.pdf",
    "featured": false
  },
  {
    "id": 6,
    "subject": "Discrete Mathematics",
    "code": "MATH301",
    "title": "DM Complete Syllabus",
    "description": "Mathematical logic, Sets, Relations, Functions, Combinatorics, and Graph Theory.",
    "branch": "cse",
    "semester": "5",
    "type": "math",
    "size": "4.7 MB",
    "pages": 89,
    "author": "Dr. N. Roy",
    "uploaded": "2024-03-15",
    "downloads": 534,
    "fileUrl": "notes/dm_complete.pdf",
    "featured": false
  }
]