[
  {
    "id": 1,
    "name": "Amit Kumar",
    "rollno": "BEU2024001",
    "email": "amit.kumar@beu.edu.in",
    "password": "password123",
    "branch": "cse",
    "semester": "5",
    "phone": "+91 9876543210",
    "dob": "2002-03-15",
    "gender": "male",
    "address": "Patna, Bihar",
    "registeredAt": "2024-01-15",
    "lastLogin": "2024-05-20"
  },
  {
    "id": 2,
    "name": "Priya Singh",
    "rollno": "BEU2024002",
    "email": "priya.singh@beu.edu.in",
    "password": "password123",
    "branch": "ece",
    "semester": "5",
    "phone": "+91 9876543211",
    "dob": "2002-07-22",
    "gender": "female",
    "address": "Gaya, Bihar",
    "registeredAt": "2024-01-16",
    "lastLogin": "2024-05-19"
  },
  {
    "id": 3,
    "name": "Rahul Verma",
    "rollno": "BEU2024003",
    "email": "rahul.verma@beu.edu.in",
    "password": "password123",
    "branch": "me",
    "semester": "5",
    "phone": "+91 9876543212",
    "dob": "2002-11-30",
    "gender": "male",
    "address": "Muzaffarpur, Bihar",
    "registeredAt": "2024-01-17",
    "lastLogin": "2024-05-18"
  },
  {
    "id": 4,
    "name": "Sneha Sharma",
    "rollno": "BEU2024004",
    "email": "sneha.sharma@beu.edu.in",
    "password": "password123",
    "branch": "it",
    "semester": "5",
    "phone": "+91 9876543213",
    "dob": "2002-05-18",
    "gender": "female",
    "address": "Bhagalpur, Bihar",
    "registeredAt": "2024-01-18",
    "lastLogin": "2024-05-17"
  },
  {
    "id": 5,
    "name": "Test Student",
    "rollno": "test",
    "email": "test@beu.edu.in",
    "password": "1234",
    "branch": "cse",
    "semester": "5",
    "phone": "+91 9999999999",
    "dob": "2000-01-01",
    "gender": "male",
    "address": "Test Address",
    "registeredAt": "2024-01-01",
    "lastLogin": "2024-05-20"
  }
]