[
  {
    "id": 1,
    "title": "Data Structures - Arrays & Linked Lists",
    "description": "Complete tutorial on Arrays and Linked Lists with implementation examples.",
    "subject": "ds",
    "duration": "45:30",
    "views": "125,450",
    "channel": "CSE Department",
    "uploaded": "2024-04-15",
    "youtubeId": "RBSGKlAvoiM",
    "tags": ["Arrays", "Linked Lists", "C++"],
    "branch": "cse",
    "semester": "5"
  },
  {
    "id": 2,
    "title": "DBMS - Normalization Forms",
    "description": "Understanding 1NF, 2NF, 3NF and BCNF with practical examples.",
    "subject": "dbms",
    "duration": "38:15",
    "views": "98,765",
    "channel": "Prof. S. Singh",
    "uploaded": "2024-04-10",
    "youtubeId": "q4CuB9dD_tc",
    "tags": ["Normalization", "Database", "SQL"],
    "branch": "cse",
    "semester": "5"
  },
  {
    "id": 3,
    "title": "OS - Process Scheduling Algorithms",
    "description": "Detailed explanation of FCFS, SJF, Priority and Round Robin scheduling.",
    "subject": "os",
    "duration": "52:45",
    "views": "87,432",
    "channel": "OS Tutorials",
    "uploaded": "2024-04-05",
    "youtubeId": "ekkITCg8hFo",
    "tags": ["Scheduling", "Algorithms", "OS Basics"],
    "branch": "cse",
    "semester": "5"
  },
  {
    "id": 4,
    "title": "Computer Networks - OSI Model",
    "description": "Complete guide to OSI 7-layer model with real-world examples.",
    "subject": "cn",
    "duration": "41:20",
    "views": "76,543",
    "channel": "Network Guru",
    "uploaded": "2024-03-28",
    "youtubeId": "vv4y_uOneC0",
    "tags": ["OSI Model", "Networking", "Protocols"],
    "branch": "cse",
    "semester": "5"
  },
  {
    "id": 5,
    "title": "TOC - Finite Automata",
    "description": "Introduction to DFA, NFA and their applications in computation.",
    "subject": "toc",
    "duration": "36:55",
    "views": "54,321",
    "channel": "Theory Lectures",
    "uploaded": "2024-03-20",
    "youtubeId": "wXqK7YK28cM",
    "tags": ["Automata", "DFA", "NFA"],
    "branch": "cse",
    "semester": "5"
  },
  {
    "id": 6,
    "title": "Data Structures - Trees & Graphs",
    "description": "Binary Trees, BST, AVL Trees and Graph traversal algorithms.",
    "subject": "ds",
    "duration": "58:10",
    "views": "112,345",
    "channel": "CSE Department",
    "uploaded": "2024-03-15",
    "youtubeId": "tT10Q8tMp0w",
    "tags": ["Trees", "Graphs", "Traversal"],
    "branch": "cse",
    "semester": "5"
  }
]